{"errors":[],"warnings":[],"namedChunkGroups":{"app":{"chunks":[8,2],"assets":["webpack-runtime-845ed476318c91ed7a9b.js","webpack-runtime-845ed476318c91ed7a9b.js.map","app-a2afe616eee509882abd.js","app-a2afe616eee509882abd.js.map"],"children":{},"childAssets":{}},"component---src-templates-page-js":{"chunks":[0,7,1,3],"assets":["0-42333f142920819e7ba8.js","0-42333f142920819e7ba8.js.map","7.27650c9a63d939d5ce44.css","7-840c219f73e405bf1e9b.js","7.27650c9a63d939d5ce44.css.map","7-840c219f73e405bf1e9b.js.map","1.2cb9a7cfda016d9bf035.css","1-261d32c438b48d435b97.js","1.2cb9a7cfda016d9bf035.css.map","1-261d32c438b48d435b97.js.map","component---src-templates-page-js-25c107527702d8a834b4.js","component---src-templates-page-js-25c107527702d8a834b4.js.map"],"children":{},"childAssets":{}},"component---src-pages-404-404-js":{"chunks":[4],"assets":["component---src-pages-404-404-js-09ded3090666186dc4d6.js","component---src-pages-404-404-js-09ded3090666186dc4d6.js.map"],"children":{},"childAssets":{}},"component---src-pages-index-js":{"chunks":[0,1,5],"assets":["0-42333f142920819e7ba8.js","0-42333f142920819e7ba8.js.map","1.2cb9a7cfda016d9bf035.css","1-261d32c438b48d435b97.js","1.2cb9a7cfda016d9bf035.css.map","1-261d32c438b48d435b97.js.map","component---src-pages-index-js-fe0cd73f222325acb5fc.js","component---src-pages-index-js-fe0cd73f222325acb5fc.js.map"],"children":{},"childAssets":{}}},"assetsByChunkName":{"app":["webpack-runtime-845ed476318c91ed7a9b.js","app-a2afe616eee509882abd.js"],"component---src-templates-page-js":["0-42333f142920819e7ba8.js","7.27650c9a63d939d5ce44.css","7-840c219f73e405bf1e9b.js","1.2cb9a7cfda016d9bf035.css","1-261d32c438b48d435b97.js","component---src-templates-page-js-25c107527702d8a834b4.js"],"component---src-pages-404-404-js":["component---src-pages-404-404-js-09ded3090666186dc4d6.js"],"component---src-pages-index-js":["0-42333f142920819e7ba8.js","1.2cb9a7cfda016d9bf035.css","1-261d32c438b48d435b97.js","component---src-pages-index-js-fe0cd73f222325acb5fc.js"]}}