{"errors":[],"warnings":[],"namedChunkGroups":{"app":{"chunks":[10,3],"assets":["webpack-runtime-73cfde0251496a0d755c.js","webpack-runtime-73cfde0251496a0d755c.js.map","app-655f7a28ffc0f6e5d79a.js","app-655f7a28ffc0f6e5d79a.js.map"],"children":{},"childAssets":{}},"component---node-modules-gatsby-plugin-offline-app-shell-js":{"chunks":[9],"assets":["9-1d2c5053870df64fe929.js","9-1d2c5053870df64fe929.js.map"],"children":{},"childAssets":{}},"component---src-templates-page-js":{"chunks":[0,2,8,1,4],"assets":["0-c1d9a8dc492df273573a.js","0-c1d9a8dc492df273573a.js.map","2-6e585ed188cfce76e9f5.js","2-6e585ed188cfce76e9f5.js.map","8.306c3652c66b3ac02a0d.css","8-35e27a7912bb56cfa687.js","8.306c3652c66b3ac02a0d.css.map","8-35e27a7912bb56cfa687.js.map","1.49960126dc321740f90a.css","1-e39a4941e0f349375b47.js","1.49960126dc321740f90a.css.map","1-e39a4941e0f349375b47.js.map","component---src-templates-page-js-675dd94c738b817ae4f5.js","component---src-templates-page-js-675dd94c738b817ae4f5.js.map"],"children":{},"childAssets":{}},"component---src-pages-404-js":{"chunks":[0,1,5],"assets":["0-c1d9a8dc492df273573a.js","0-c1d9a8dc492df273573a.js.map","1.49960126dc321740f90a.css","1-e39a4941e0f349375b47.js","1.49960126dc321740f90a.css.map","1-e39a4941e0f349375b47.js.map","component---src-pages-404-js-37546d3a225e00e1fd42.js","component---src-pages-404-js-37546d3a225e00e1fd42.js.map"],"children":{},"childAssets":{}},"component---src-pages-index-js":{"chunks":[0,2,1,6],"assets":["0-c1d9a8dc492df273573a.js","0-c1d9a8dc492df273573a.js.map","2-6e585ed188cfce76e9f5.js","2-6e585ed188cfce76e9f5.js.map","1.49960126dc321740f90a.css","1-e39a4941e0f349375b47.js","1.49960126dc321740f90a.css.map","1-e39a4941e0f349375b47.js.map","component---src-pages-index-js-1922d0cfa2628a87cd50.js","component---src-pages-index-js-1922d0cfa2628a87cd50.js.map"],"children":{},"childAssets":{}}},"assetsByChunkName":{"app":["webpack-runtime-73cfde0251496a0d755c.js","app-655f7a28ffc0f6e5d79a.js"],"component---node-modules-gatsby-plugin-offline-app-shell-js":["9-1d2c5053870df64fe929.js"],"component---src-templates-page-js":["0-c1d9a8dc492df273573a.js","2-6e585ed188cfce76e9f5.js","8.306c3652c66b3ac02a0d.css","8-35e27a7912bb56cfa687.js","1.49960126dc321740f90a.css","1-e39a4941e0f349375b47.js","component---src-templates-page-js-675dd94c738b817ae4f5.js"],"component---src-pages-404-js":["0-c1d9a8dc492df273573a.js","1.49960126dc321740f90a.css","1-e39a4941e0f349375b47.js","component---src-pages-404-js-37546d3a225e00e1fd42.js"],"component---src-pages-index-js":["0-c1d9a8dc492df273573a.js","2-6e585ed188cfce76e9f5.js","1.49960126dc321740f90a.css","1-e39a4941e0f349375b47.js","component---src-pages-index-js-1922d0cfa2628a87cd50.js"]}}